episode,score,smoothed_score,completion,smoothed_completion,travel_time,average_travel_time,normalized_deadlocks,eps_start,"action_probs-[B, L, F, R, S]",n_eval_episodes,eval_score,eval_completion,eval_travel_time,eval_deadlocks,experiment_name
100,-0.586065574,-0.995860656,0.5,0.005,60,60.0,0.0,0.99,[0.23004695 0.21126761 0.15492958 0.20657277 0.1971831 ],25,-0.529964457,0.0,55.16,0.0,experiment_1
200,-0.448275862,-0.749377894,0.0,0.083429035,57,55.74257426,0.0,0.362372018,[0.08910891 0.08910891 0.06435644 0.13861386 0.61881188],25,-0.536687298,0.0,53.8,0.0,experiment_1
300,-0.745454545,-0.604013583,0.0,0.046435687,54,55.76119403,0.0,0.132639878,[0.109375   0.03645833 0.42708333 0.16666667 0.26041667],25,-0.549821513,0.0,57.44,0.0,experiment_1
400,-0.409090909,-0.528510147,0.0,0.04643127,54,55.47840532,0.0,0.048550485,[0.859375   0.         0.046875   0.01041667 0.08333333],25,-0.54514735,0.0,56.52,0.0,experiment_1
500,-0.488888889,-0.488554563,0.25,0.074142343,44,55.6084788,0.0,0.017771048,[0.60583942 0.06569343 0.32116788 0.00729927 0.        ],25,-0.462211075,0.11,54.72,0.0,experiment_1
600,-0.25,-0.461453709,0.25,0.09549284,54,55.93013972,0.0,0.01,[0.72777778 0.11666667 0.00555556 0.00555556 0.14444444],25,-0.42867783,0.11,55.92,0.0,experiment_1
700,-0.34375,-0.421498103,0.0,0.157123305,47,55.53410982,0.0,0.01,[0.95857988 0.03550296 0.00591716 0.         0.        ],25,-0.429239882,0.2,58.12,0.0,experiment_1
800,-0.454545455,-0.382052748,0.25,0.262373012,54,55.57917261,0.0,0.01,[0.1147541  0.0273224  0.85245902 0.00546448 0.        ],25,-0.304161118,0.33,58.4,0.0,experiment_1
900,-0.205357143,-0.347537634,0.5,0.308373079,55,55.70786517,0.0,0.01,[0.03888889 0.02222222 0.8        0.03333333 0.10555556],25,-0.314403139,0.44,47.04,0.0,experiment_1
1000,-0.407608696,-0.342769656,0.0,0.330400921,45,55.7436182,0.0,0.01,[0.         0.0862069  0.87356322 0.03448276 0.00574713],25,-0.259837171,0.46,51.2,0.0,experiment_1
1100,-0.184782609,-0.315295935,0.5,0.384893896,45,55.52747253,0.0,0.01,[0.30894309 0.25203252 0.12195122 0.31707317 0.        ],25,-0.296656808,0.45,54.36,0.0,experiment_1
1200,-0.516949153,-0.274808612,0.0,0.461895982,58,55.11807448,0.0,0.01,[0.         0.05286344 0.20264317 0.3215859  0.42290749],25,-0.377758817,0.32,55.24,0.0,experiment_1
1300,-0.283333333,-0.27127896,0.25,0.458207928,59,54.95670275,0.0,0.01,[0.0201005  0.31658291 0.61306533 0.04522613 0.00502513],25,-0.203677198,0.63,51.28,0.0,experiment_1
1400,-0.25,-0.24447294,0.5,0.496023645,50,54.5641814,0.0,0.01,[0.02027027 0.05405405 0.86486486 0.05405405 0.00675676],25,-0.182688417,0.6,49.6,0.0,experiment_1
1500,0.0,-0.218399215,1.0,0.554420935,53,54.31620271,0.0,0.01,[0.03508772 0.24561404 0.69005848 0.02923977 0.        ],25,-0.186307803,0.58,54.16,0.0,experiment_1
1600,-0.131355932,-0.195117698,0.75,0.586880641,58,53.96668887,0.0,0.01,[0.0516129  0.06451613 0.76129032 0.12258065 0.        ],25,-0.141691481,0.72,43.48,0.0,experiment_1
1700,-0.24122807,-0.187305587,0.75,0.617518067,56,53.70393504,0.0,0.01,[0.03125 0.1375  0.75    0.08125 0.     ],25,-0.081506585,0.83,42.88,0.0,experiment_1
1800,0.0,-0.174057535,1.0,0.646246283,50,53.49323927,0.0,0.01,[0.02597403 0.31818182 0.51298701 0.13636364 0.00649351],25,-0.265183415,0.51,50.52,0.0,experiment_1
1900,-0.18877551,-0.170150809,0.25,0.644418728,48,53.29150472,0.0,0.01,[0.01408451 0.04225352 0.74647887 0.1971831  0.        ],25,-0.113493866,0.73,44.48,0.0,experiment_1
2000,0.0,-0.127230959,1.0,0.737292612,42,52.91478169,0.0,0.01,[0.046875 0.234375 0.65625  0.0625   0.      ],25,-0.083404256,0.82,45.84,0.0,experiment_1
2100,-0.50862069,-0.126068038,0.0,0.744448812,28,52.66966517,0.0,0.01,[0.03571429 0.32142857 0.58035714 0.0625     0.        ],25,-0.090952517,0.8,45.4,0.0,experiment_1
2200,-0.10483871,-0.109213126,0.75,0.765142089,61,52.50690148,0.0,0.01,[0.02366864 0.07692308 0.83431953 0.06508876 0.        ],25,-0.15076649,0.72,49.56,0.0,experiment_1
2300,0.0,-0.124753824,1.0,0.74486673,38,52.27260336,0.0,0.01,[0.02857143 0.14285714 0.77857143 0.05       0.        ],25,-0.164952819,0.65,51.16,0.0,experiment_1
2400,-0.016949153,-0.115153576,1.0,0.764510663,43,52.05041286,0.0,0.01,[0.03278689 0.03278689 0.87704918 0.05737705 0.        ],25,-0.088337483,0.78,48.48,0.0,experiment_1
2500,-0.155940594,-0.112356982,0.75,0.776436264,100,51.90587255,0.0,0.01,[0.0130719  0.26797386 0.69934641 0.0130719  0.00653595],25,-0.081084311,0.84,45.36,0.0,experiment_1
2600,-0.568681319,-0.118406599,0.25,0.777227701,90,51.7804878,0.0,0.01,[0.003861   0.47490347 0.50579151 0.01158301 0.003861  ],25,-0.097920894,0.76,42.48,0.0,experiment_1
2700,0.0,-0.105547984,1.0,0.811378185,40,51.57093426,0.0,0.01,[0.04098361 0.56557377 0.36885246 0.02459016 0.        ],25,-0.072607976,0.88,45.24,0.0,experiment_1
2800,-0.173387097,-0.130413693,0.5,0.740306284,61,51.53424658,0.0,0.01,[0.01290323 0.35483871 0.58064516 0.0516129  0.        ],25,-0.07524592,0.83,47.96,0.0,experiment_1
2900,0.0,-0.103065395,1.0,0.798427137,45,51.25098179,0.0,0.01,[0.03921569 0.11764706 0.80392157 0.03921569 0.        ],25,-0.083216131,0.81,43.48,0.0,experiment_1
3000,0.0,-0.125126186,1.0,0.76062148,33,51.06377111,0.0,0.01,[0.04385965 0.13157895 0.79824561 0.02631579 0.        ],25,-0.068300855,0.86,47.56,0.0,experiment_1
3100,-0.208860759,-0.111898417,0.5,0.777823346,78,51.03665445,0.0,0.01,[0.43303571 0.23214286 0.30803571 0.02678571 0.        ],25,-0.123178426,0.78,47.0,0.0,experiment_1
3200,-0.072727273,-0.113473928,0.5,0.767467281,54,50.87229926,0.0,0.01,[0.02631579 0.19078947 0.59210526 0.03947368 0.15131579],25,-0.094540499,0.77,50.44,0.0,experiment_1
3300,-0.004807692,-0.10040103,1.0,0.793055908,42,50.72945954,0.0,0.01,[0.02542373 0.29661017 0.52542373 0.15254237 0.        ],25,-0.072302521,0.87,43.24,0.0,experiment_1
3400,-0.207831325,-0.108419248,0.75,0.794376592,82,50.57255377,0.0,0.01,[0.00934579 0.05607477 0.89252336 0.03738318 0.0046729 ],25,-0.12585419,0.77,43.6,0.0,experiment_1
3500,-0.378787879,-0.112876037,0.25,0.79059234,32,50.4745663,0.0,0.01,[0.03418803 0.21367521 0.7008547  0.05128205 0.        ],25,-0.048345861,0.9,43.28,0.0,experiment_1
3600,0.0,-0.11484612,1.0,0.763213636,42,50.36246787,0.0,0.01,[0.03603604 0.21621622 0.71171171 0.02702703 0.00900901],25,-0.165596941,0.75,49.96,0.0,experiment_1
3700,-0.298850575,-0.093042669,0.5,0.82133087,86,50.2174396,0.0,0.01,[0.01136364 0.32386364 0.63636364 0.02272727 0.00568182],25,-0.073756471,0.84,42.96,0.0,experiment_1
3800,0.0,-0.104360175,1.0,0.811143817,33,50.11645501,0.0,0.01,[0.03333333 0.25833333 0.65       0.05       0.00833333],25,-0.074646834,0.85,44.2,0.0,experiment_1
3900,0.0,-0.120398476,1.0,0.768875677,38,50.05656406,0.0,0.01,[0.032 0.152 0.752 0.064 0.   ],25,-0.053652842,0.86,43.28,0.0,experiment_1
4000,-0.132653061,-0.095261216,0.75,0.801940488,48,49.93386311,0.0,0.01,[0.03448276 0.56896552 0.26724138 0.12931034 0.        ],25,-0.098401171,0.81,46.48,0.0,experiment_1
100,-0.586065574,-0.995860656,0.5,0.005,60,60.0,0.0,0.99,[0.23004695 0.21126761 0.15492958 0.20657277 0.1971831 ],25,-0.479665981,0.01,55.16,0.0,experiment_2
200,-0.349056604,-0.72357909,0.25,0.107475816,52,55.92079208,0.0,0.362372018,[0.05325444 0.1183432  0.15976331 0.56804734 0.10059172],25,-0.397363207,0.28,55.72,0.0,experiment_2
300,-0.264423077,-0.571642909,0.75,0.165303917,51,55.99502488,0.0,0.132639878,[0.02797203 0.11888112 0.73426573 0.06293706 0.05594406],25,-0.514926185,0.12,63.92,0.0,experiment_2
400,-0.575892857,-0.522462349,0.25,0.171775308,55,56.0166113,0.0,0.048550485,[0.07462687 0.06467662 0.20895522 0.1641791  0.48756219],25,-0.492628006,0.11,56.0,0.0,experiment_2
500,-0.632978723,-0.471112772,0.0,0.218159927,46,55.70822943,0.0,0.017771048,[0.03278689 0.45355191 0.13661202 0.37704918 0.        ],25,-0.293980304,0.53,52.8,0.0,experiment_2
600,-0.205357143,-0.389336478,0.5,0.314963593,55,55.37924152,0.0,0.01,[0.03164557 0.05696203 0.31012658 0.13924051 0.46202532],25,-0.328150924,0.38,51.52,0.0,experiment_2
700,-0.572916667,-0.339730023,0.0,0.38502678,47,54.87853577,0.0,0.01,[0.80978261 0.13586957 0.0326087  0.01630435 0.00543478],25,-0.239143279,0.54,56.44,0.0,experiment_2
800,-0.240740741,-0.289797235,0.5,0.424935425,53,54.51355207,0.0,0.01,[0.02272727 0.07575758 0.31060606 0.59090909 0.        ],25,-0.275573312,0.43,53.32,0.0,experiment_2
900,0.0,-0.245774355,1.0,0.492857328,39,54.13857678,0.0,0.01,[0.04929577 0.84507042 0.04225352 0.06338028 0.        ],25,-0.173654894,0.66,51.52,0.0,experiment_2
1000,0.0,-0.236361526,1.0,0.493430909,35,53.78357381,0.0,0.01,[0.04918033 0.05737705 0.03278689 0.86065574 0.        ],25,-0.140697052,0.69,47.68,0.0,experiment_2
1100,0.0,-0.191597008,1.0,0.587843482,41,53.21078921,0.0,0.01,[0.05       0.87142857 0.04285714 0.03571429 0.        ],25,-0.164257682,0.6,50.6,0.0,experiment_2
1200,-0.27173913,-0.195299529,0.5,0.596204152,45,52.79200727,0.0,0.01,[0.03816794 0.00763359 0.09923664 0.84732824 0.00763359],25,-0.197871473,0.58,52.32,0.0,experiment_2
1300,-0.138392857,-0.170077684,0.75,0.630447655,55,52.5295587,0.0,0.01,[0.04216867 0.24698795 0.03614458 0.54819277 0.12650602],25,-0.206057383,0.59,47.16,0.0,experiment_2
1400,-0.113636364,-0.178035277,0.75,0.61517948,54,52.30668716,0.0,0.01,[0.07086614 0.46456693 0.25984252 0.20472441 0.        ],25,-0.166206887,0.63,48.68,0.0,experiment_2
1500,-0.547619048,-0.192010505,0.0,0.590007423,62,52.23768737,0.0,0.01,[0.41563786 0.54320988 0.00823045 0.02880658 0.00411523],25,-0.191053763,0.55,52.08,0.0,experiment_2
1600,-0.06372549,-0.194663015,0.75,0.563987725,50,52.13057961,0.0,0.01,[0.25892857 0.55357143 0.10714286 0.07142857 0.00892857],25,-0.17925383,0.6,53.72,0.0,experiment_2
1700,-0.25,-0.192893997,0.0,0.589256339,57,52.04184884,0.0,0.01,[0.12568306 0.18579235 0.01639344 0.66666667 0.00546448],25,-0.204055028,0.59,52.72,0.0,experiment_2
1800,-0.310185185,-0.172684936,0.25,0.645359966,53,51.81128748,0.0,0.01,[0.00680272 0.05442177 0.01360544 0.92517007 0.        ],25,-0.150174437,0.68,51.12,0.0,experiment_2
1900,-0.122727273,-0.174587261,0.5,0.6368646,54,51.62132149,0.0,0.01,[0.02272727 0.02272727 0.5530303  0.40151515 0.        ],25,-0.170713737,0.63,46.32,0.0,experiment_2
2000,0.0,-0.168632727,1.0,0.64365322,39,51.54287217,0.0,0.01,[0.05128205 0.87179487 0.05128205 0.02564103 0.        ],25,-0.140134714,0.7,50.76,0.0,experiment_2
2100,0.0,-0.160166024,1.0,0.663388613,36,51.35682159,0.0,0.01,[0.06349206 0.53174603 0.01587302 0.38888889 0.        ],25,-0.128702833,0.7,49.08,0.0,experiment_2
2200,-0.133064516,-0.15409147,0.75,0.667779965,61,51.29557354,0.0,0.01,[0.04761905 0.44217687 0.01360544 0.48979592 0.00680272],25,-0.176599608,0.64,46.52,0.0,experiment_2
2300,-0.234126984,-0.148756353,0.5,0.679261655,62,51.0922308,0.0,0.01,[0.01554404 0.56994819 0.03626943 0.22279793 0.15544041],25,-0.155496601,0.6,52.0,0.0,experiment_2
2400,-0.43442623,-0.171326888,0.25,0.634290127,60,51.07257714,0.0,0.01,[0.00473934 0.5450237  0.00473934 0.27014218 0.17535545],25,-0.121744472,0.7,49.24,0.0,experiment_2
2500,-0.269607843,-0.159845641,0.5,0.674714117,50,50.92877968,0.0,0.01,[0.0212766  0.62411348 0.03546099 0.07092199 0.24822695],25,-0.158529086,0.71,49.28,0.0,experiment_2
2600,-0.31557377,-0.141835714,0.25,0.709348794,60,50.79008397,0.0,0.01,[0.02139037 0.46524064 0.05882353 0.22994652 0.22459893],25,-0.09284671,0.82,45.28,0.0,experiment_2
2700,0.0,-0.137547173,1.0,0.721128193,78,50.66435986,0.0,0.01,[0.03846154 0.86923077 0.04615385 0.04615385 0.        ],25,-0.135973583,0.72,46.72,0.0,experiment_2
2800,0.0,-0.132877397,1.0,0.72997383,38,50.49241022,0.0,0.01,[0.03571429 0.375      0.05357143 0.53571429 0.        ],25,-0.173557446,0.64,49.48,0.0,experiment_2
2900,-0.651639344,-0.180512762,0.5,0.647909285,60,50.53409497,0.0,0.01,[0.02298851 0.8045977  0.01149425 0.16091954 0.        ],25,-0.145801979,0.71,46.48,0.0,experiment_2
3000,-0.320833333,-0.163120508,0.25,0.660987436,59,50.50224061,0.0,0.01,[0.01807229 0.95180723 0.01807229 0.01204819 0.        ],25,-0.091875059,0.78,44.88,0.0,experiment_2
3100,-0.333333333,-0.12087365,0.5,0.73221614,53,50.31922692,0.0,0.01,[0.07526882 0.15591398 0.05376344 0.70967742 0.00537634],25,-0.097351757,0.8,48.44,0.0,experiment_2
3200,0.0,-0.12720879,1.0,0.727668432,39,50.27378265,0.0,0.01,[0.03759398 0.4887218  0.07518797 0.39097744 0.0075188 ],25,-0.14235652,0.69,48.72,0.0,experiment_2
3300,-0.399038462,-0.127209952,0.25,0.744828743,51,50.14308029,0.0,0.01,[0.03636364 0.0969697  0.39393939 0.23636364 0.23636364],25,-0.137433183,0.7,51.52,0.0,experiment_2
3400,-0.351851852,-0.136889969,0.25,0.711601359,26,50.09875795,0.0,0.01,[0.04347826 0.35869565 0.20652174 0.38043478 0.01086957],25,-0.168087346,0.62,46.36,0.0,experiment_2
3500,-0.302419355,-0.128667343,0.5,0.733914631,61,49.95912967,0.0,0.01,[0.01724138 0.65517241 0.02873563 0.29885057 0.        ],25,-0.185454158,0.58,50.12,0.0,experiment_2
3600,0.0,-0.112682806,1.0,0.766275987,35,49.88746073,0.0,0.01,[0.03305785 0.2231405  0.07438017 0.66942149 0.        ],25,-0.078715641,0.84,45.72,0.0,experiment_2
3700,-0.129310345,-0.155130905,0.5,0.668608786,57,49.92474313,0.0,0.01,[0.01142857 0.69714286 0.01142857 0.08       0.2       ],25,-0.203940882,0.46,53.4,0.0,experiment_2
3800,0.0,-0.150072028,1.0,0.672927476,45,49.92488517,0.0,0.01,[0.1025641  0.77777778 0.07692308 0.04273504 0.        ],25,-0.154752171,0.66,47.64,0.0,experiment_2
3900,-0.147435897,-0.132387066,0.5,0.716254558,77,49.87792686,0.0,0.01,[0.05641026 0.08205128 0.02051282 0.84102564 0.        ],25,-0.189090548,0.66,52.48,0.0,experiment_2
4000,-0.257692308,-0.121432531,0.5,0.735025087,64,49.86362471,0.0,0.01,[0.01036269 0.13471503 0.01554404 0.83937824 0.        ],25,-0.137814631,0.63,50.4,0.0,experiment_2
100,-0.586065574,-0.995860656,0.5,0.005,60,60.0,0.0,0.99,[0.23004695 0.21126761 0.15492958 0.20657277 0.1971831 ],25,-0.538393657,0.05,57.8,0.0,experiment_3
200,-0.66,-0.695395244,0.0,0.07720276,49,56.67326733,0.0,0.362372018,[0.06122449 0.05612245 0.53571429 0.08163265 0.26530612],25,-0.569553188,0.0,58.72,0.0,experiment_3
300,-0.107142857,-0.587062084,0.75,0.075435806,62,55.96517413,0.0,0.132639878,[0.05851064 0.12234043 0.61170213 0.06382979 0.14361702],25,-0.446226976,0.03,53.64,0.0,experiment_3
400,-0.448113208,-0.538758797,0.0,0.072050394,52,55.84385382,0.0,0.048550485,[0.00507614 0.01522843 0.6751269  0.1319797  0.17258883],25,-0.429710158,0.1,58.56,0.0,experiment_3
500,-0.390625,-0.51992457,0.0,0.060747709,47,56.03740648,0.0,0.017771048,[0.05063291 0.00632911 0.5        0.2278481  0.21518987],25,-0.480143011,0.01,57.72,0.0,experiment_3
600,-0.509259259,-0.48233207,0.0,0.088803048,53,55.84431138,0.0,0.01,[0.48341232 0.00473934 0.26540284 0.01421801 0.23222749],25,-0.52206084,0.01,53.84,0.0,experiment_3
700,-0.353174603,-0.45201039,0.25,0.124321774,62,55.78535774,0.0,0.01,[0.         0.21393035 0.42288557 0.00995025 0.35323383],25,-0.41712587,0.08,57.64,0.0,experiment_3
800,-0.508474576,-0.424919556,0.0,0.200136633,58,55.72467903,0.0,0.01,[0.00990099 0.44554455 0.32673267 0.04455446 0.17326733],25,-0.329093979,0.29,54.44,0.0,experiment_3
900,-0.074626866,-0.390117933,0.75,0.259445458,66,55.65667915,0.0,0.01,[0.02678571 0.02232143 0.72321429 0.05357143 0.17410714],25,-0.349456381,0.29,53.16,0.0,experiment_3
1000,0.0,-0.351775078,1.0,0.313874025,41,55.52608213,0.0,0.01,[0.         0.03676471 0.91911765 0.04411765 0.        ],25,-0.388787454,0.3,53.28,0.0,experiment_3
1100,-0.310185185,-0.30541318,0.75,0.392411,53,55.44455544,0.0,0.01,[0.19298246 0.19298246 0.56725146 0.04678363 0.        ],25,-0.330995243,0.46,49.76,0.0,experiment_3
1200,-0.33490566,-0.28216026,0.5,0.45609049,52,55.18165304,0.0,0.01,[0.         0.74358974 0.19230769 0.06410256 0.        ],25,-0.279559398,0.45,54.32,0.0,experiment_3
1300,-0.054347826,-0.295193397,0.75,0.431351094,45,55.34138218,0.0,0.01,[0.         0.35714286 0.60714286 0.02678571 0.00892857],25,-0.271905344,0.44,52.0,0.0,experiment_3
1400,-0.193037975,-0.282298097,0.25,0.450576667,78,55.23750961,0.0,0.01,[0.         0.09012876 0.41201717 0.45922747 0.03862661],25,-0.310795502,0.4,54.72,0.0,experiment_3
1500,-0.326612903,-0.289606257,0.25,0.430828058,61,55.13847252,0.0,0.01,[0.0049505  0.03465347 0.54455446 0.29207921 0.12376238],25,-0.261772068,0.55,55.28,0.0,experiment_3
1600,0.0,-0.254881129,1.0,0.480804476,49,54.94137242,0.0,0.01,[0.00793651 0.07142857 0.84920635 0.07142857 0.        ],25,-0.274673507,0.45,52.52,0.0,experiment_3
1700,-0.081632653,-0.227642995,0.75,0.537773728,48,54.69206746,0.0,0.01,[0.         0.7480315  0.24409449 0.00787402 0.        ],25,-0.187347501,0.59,44.28,0.0,experiment_3
1800,0.0,-0.237816752,1.0,0.517576111,36,54.70664315,0.0,0.01,[0.         0.12195122 0.80487805 0.07317073 0.        ],25,-0.166671812,0.66,48.12,0.0,experiment_3
1900,-0.205223881,-0.225492053,0.5,0.534018979,66,54.6579678,0.0,0.01,[0.00534759 0.01069519 0.95187166 0.02673797 0.00534759],25,-0.212872308,0.59,51.76,0.0,experiment_3
2000,-0.259433962,-0.200996147,0.5,0.595418687,52,54.53971594,0.0,0.01,[0.         0.05263158 0.68421053 0.25657895 0.00657895],25,-0.25470365,0.51,55.84,0.0,experiment_3
2100,0.0,-0.188881176,1.0,0.615753288,46,54.28885557,0.0,0.01,[0.         0.04195804 0.92307692 0.03496503 0.        ],25,-0.225755664,0.6,49.32,0.0,experiment_3
2200,-0.339285714,-0.162196146,0.25,0.678459153,55,54.08138981,0.0,0.01,[0.         0.04395604 0.7032967  0.24725275 0.00549451],25,-0.186462903,0.64,52.68,0.0,experiment_3
2300,0.0,-0.162085539,1.0,0.674458177,41,53.92776011,0.0,0.01,[0.         0.03597122 0.89928058 0.0647482  0.        ],25,-0.094209935,0.81,47.52,0.0,experiment_3
2400,-0.043103448,-0.15865294,0.75,0.664602985,57,53.81573229,0.0,0.01,[0.        0.078125  0.828125  0.0859375 0.0078125],25,-0.185876232,0.67,46.96,0.0,experiment_3
2500,0.0,-0.155308671,1.0,0.688983493,39,53.71137026,0.0,0.01,[0.01612903 0.07258065 0.80645161 0.10483871 0.        ],25,-0.114804325,0.74,49.04,0.0,experiment_3
2600,0.0,-0.178564625,1.0,0.64062434,33,53.64014394,0.0,0.01,[0.01801802 0.04504505 0.9009009  0.03603604 0.        ],25,-0.144125002,0.69,50.88,0.0,experiment_3
2700,-0.203846154,-0.154431241,0.5,0.676844184,64,53.54901961,0.0,0.01,[0.         0.34065934 0.64835165 0.01098901 0.        ],25,-0.144158788,0.67,49.88,0.0,experiment_3
2800,-0.260416667,-0.132870567,0.5,0.716153537,71,53.37615698,0.0,0.01,[0.         0.15606936 0.73988439 0.10404624 0.        ],25,-0.117187033,0.79,46.64,0.0,experiment_3
2900,0.0,-0.132701355,1.0,0.707255684,53,53.27990004,0.0,0.01,[0.         0.05147059 0.91176471 0.03676471 0.        ],25,-0.102170842,0.77,45.08,0.0,experiment_3
3000,-0.383561644,-0.159241767,0.25,0.688049229,72,53.17855912,0.0,0.01,[0.    0.03  0.35  0.615 0.005],25,-0.113967917,0.75,48.6,0.0,experiment_3
3100,-0.244680851,-0.148641027,0.5,0.702800805,46,53.03965345,0.0,0.01,[0.    0.184 0.712 0.096 0.008],25,-0.13354708,0.7,51.32,0.0,experiment_3
3200,0.0,-0.146619272,1.0,0.714476323,37,52.88939052,0.0,0.01,[0.         0.05172414 0.86206897 0.06896552 0.01724138],25,-0.164127037,0.67,47.52,0.0,experiment_3
3300,0.0,-0.131406859,1.0,0.728091183,40,52.74289285,0.0,0.01,[0.00662252 0.01986755 0.94039735 0.02649007 0.00662252],25,-0.13350656,0.72,47.04,0.0,experiment_3
3400,-0.452702703,-0.119982954,0.5,0.746415598,36,52.65798243,0.0,0.01,[0.         0.1        0.80769231 0.09230769 0.        ],25,-0.166969896,0.61,54.04,0.0,experiment_3
3500,0.0,-0.124327364,1.0,0.750506757,16,52.56542193,0.0,0.01,[0.01724138 0.10344828 0.79310345 0.0862069  0.        ],25,-0.117046787,0.68,52.6,0.0,experiment_3
3600,-0.284090909,-0.129541955,0.5,0.735314966,65,52.50928306,0.0,0.01,[0.00985222 0.21182266 0.73891626 0.03940887 0.        ],25,-0.107633899,0.72,48.96,0.0,experiment_3
3700,-0.092105263,-0.116682369,0.75,0.741766124,56,52.42293807,0.0,0.01,[0.05633803 0.05633803 0.54929577 0.33802817 0.        ],25,-0.141384189,0.69,47.6,0.0,experiment_3
3800,0.0,-0.129592421,1.0,0.720000156,35,52.41340178,0.0,0.01,[0.         0.2037037  0.77777778 0.01851852 0.        ],25,-0.117197678,0.78,45.6,0.0,experiment_3
3900,-0.23880597,-0.118483121,0.5,0.75858179,66,52.32228361,0.0,0.01,[0.02409639 0.02409639 0.8253012  0.12048193 0.0060241 ],25,-0.169182413,0.69,47.0,0.0,experiment_3
4000,-0.09375,-0.120638965,0.75,0.756642241,55,52.20763907,0.0,0.01,[0.01492537 0.02985075 0.90298507 0.05223881 0.        ],25,-0.084711024,0.81,49.04,0.0,experiment_3
100,-0.37704918,-0.993770492,0.25,0.0025,60,60.0,0.0,0.99,[0.23333333 0.20952381 0.15714286 0.2047619  0.1952381 ],25,-0.434229284,0.05,55.0,0.0,experiment_4
200,-0.33203125,-0.739997951,0.0,0.088323282,63,55.79207921,0.0,0.362372018,[0.41350211 0.07172996 0.07172996 0.07594937 0.36708861],25,-0.498882759,0.0,52.68,0.0,experiment_4
300,-0.585,-0.57799425,0.0,0.083639258,49,56.39800995,0.0,0.132639878,[0.45604396 0.02747253 0.21428571 0.03296703 0.26923077],25,-0.499235494,0.0,55.6,0.0,experiment_4
400,-0.494047619,-0.554307922,0.0,0.082417239,83,57.00996678,0.0,0.048550485,[0.46703297 0.16483516 0.28021978 0.02747253 0.06043956],25,-0.384895082,0.24,59.6,0.0,experiment_4
500,-0.5,-0.469809056,0.25,0.149260589,51,56.45386534,0.0,0.017771048,[0.0273224  0.83060109 0.03825137 0.10382514 0.        ],25,-0.283885923,0.39,55.56,0.0,experiment_4
600,-0.370535714,-0.424634073,0.25,0.17480776,55,56.36526946,0.0,0.01,[0.1160221  0.15469613 0.06629834 0.03867403 0.62430939],25,-0.487512096,0.02,56.0,0.0,experiment_4
700,-1.025,-0.434952175,0.0,0.189693541,29,56.20798669,0.0,0.01,[0.04597701 0.67816092 0.14942529 0.10344828 0.02298851],25,-0.269263725,0.52,51.0,0.0,experiment_4
800,-0.245454545,-0.411532337,0.75,0.253687907,54,56.01854494,0.0,0.01,[0.0397351  0.29801325 0.17880795 0.47682119 0.00662252],25,-0.418959057,0.25,57.72,0.0,experiment_4
900,-0.506944444,-0.397999811,0.25,0.258230736,71,55.99250936,0.0,0.01,[0.01785714 0.07142857 0.69642857 0.13095238 0.08333333],25,-0.410493598,0.17,55.16,0.0,experiment_4
1000,-0.200819672,-0.369617668,0.5,0.303550869,60,55.89345172,0.0,0.01,[0.03726708 0.07453416 0.50310559 0.0310559  0.35403727],25,-0.36917843,0.25,58.6,0.0,experiment_4
1100,0.0,-0.351951836,1.0,0.315322374,38,55.91508492,0.0,0.01,[0.03252033 0.42276423 0.49593496 0.04878049 0.        ],25,-0.265315422,0.44,53.64,0.0,experiment_4
1200,-0.236607143,-0.358735814,0.5,0.324986477,55,55.96457766,0.0,0.01,[0.2        0.08275862 0.63448276 0.06206897 0.02068966],25,-0.40459803,0.33,56.24,0.0,experiment_4
1300,-0.472222222,-0.349821511,0.0,0.350988707,35,55.92756037,0.0,0.01,[0.44444444 0.4017094  0.02564103 0.         0.12820513],25,-0.368638683,0.28,55.8,0.0,experiment_4
1400,-0.618644068,-0.355573682,0.0,0.347840466,58,55.95618755,0.0,0.01,[0.12719298 0.1754386  0.66666667 0.03070175 0.        ],25,-0.417654114,0.28,55.56,0.0,experiment_4
1500,-0.103846154,-0.359223652,0.75,0.356235262,64,55.84796574,0.0,0.01,[0.06818182 0.01515152 0.85606061 0.0530303  0.00757576],25,-0.305146224,0.42,55.28,0.0,experiment_4
1600,-0.504807692,-0.331634306,0.0,0.401581918,51,55.73151233,0.0,0.01,[0.21192053 0.29801325 0.07284768 0.23178808 0.18543046],25,-0.208439994,0.58,50.8,0.0,experiment_4
1700,-0.144230769,-0.284899128,0.5,0.461525005,51,55.51780137,0.0,0.01,[0.17197452 0.41401274 0.36305732 0.05095541 0.        ],25,-0.212635241,0.51,53.92,0.0,experiment_4
1800,-0.603773585,-0.281386163,0.0,0.460807683,52,55.38447972,0.0,0.01,[0.12244898 0.09693878 0.02040816 0.75510204 0.00510204],25,-0.382327109,0.33,49.96,0.0,experiment_4
1900,-0.239583333,-0.289223855,0.25,0.456901476,47,55.31649084,0.0,0.01,[0.02721088 0.08163265 0.08163265 0.80952381 0.        ],25,-0.344449109,0.39,58.96,0.0,experiment_4
2000,0.0,-0.28838742,1.0,0.448070086,39,55.20305103,0.0,0.01,[0.10576923 0.56730769 0.19230769 0.13461538 0.        ],25,-0.32561819,0.44,49.36,0.0,experiment_4
2100,-0.324468085,-0.271099321,0.5,0.461370557,46,55.14542729,0.0,0.01,[0.54794521 0.12328767 0.19863014 0.13013699 0.        ],25,-0.261897199,0.51,51.8,0.0,experiment_4
2200,-0.319277108,-0.276985337,0.5,0.458446032,82,55.08138981,0.0,0.01,[0.07575758 0.12121212 0.26262626 0.54040404 0.        ],25,-0.274098297,0.43,56.36,0.0,experiment_4
2300,-0.456730769,-0.289919725,0.5,0.4568706,51,55.07223989,0.0,0.01,[0.03355705 0.32885906 0.20805369 0.4295302  0.        ],25,-0.289076011,0.5,56.16,0.0,experiment_4
2400,-0.223076923,-0.271204778,0.5,0.47790449,64,55.04172099,0.0,0.01,[0.07017544 0.73684211 0.15789474 0.03508772 0.        ],25,-0.143650912,0.73,50.56,0.0,experiment_4
2500,-0.043269231,-0.259509244,0.75,0.484463141,51,54.97042899,0.0,0.01,[0.03703704 0.03703704 0.00740741 0.91111111 0.00740741],25,-0.235200798,0.45,58.2,0.0,experiment_4
2600,-0.181818182,-0.216758848,0.75,0.54444893,54,54.94562175,0.0,0.01,[0.39007092 0.14893617 0.18439716 0.26950355 0.0070922 ],25,-0.171196301,0.58,55.08,0.0,experiment_4
2700,0.0,-0.189852821,1.0,0.591836313,38,54.80315263,0.0,0.01,[0.11111111 0.05555556 0.5462963  0.28703704 0.        ],25,-0.232144905,0.53,51.16,0.0,experiment_4
2800,0.0,-0.174717551,1.0,0.616984198,20,54.66012588,0.0,0.01,[0.16216216 0.05405405 0.25675676 0.52702703 0.        ],25,-0.20257834,0.6,49.28,0.0,experiment_4
2900,-0.225,-0.174035063,0.25,0.605379851,69,54.50910389,0.0,0.01,[0.04268293 0.0304878  0.91463415 0.00609756 0.00609756],25,-0.187317319,0.64,56.92,0.0,experiment_4
3000,-0.026315789,-0.151462449,0.75,0.653444244,56,54.33746984,0.0,0.01,[0.20863309 0.52517986 0.23021583 0.02877698 0.00719424],25,-0.229606918,0.55,53.08,0.0,experiment_4
3100,-0.336538462,-0.176769636,0.25,0.598660814,51,54.34088637,0.0,0.01,[0.00588235 0.11176471 0.72941176 0.14705882 0.00588235],25,-0.210966709,0.55,52.44,0.0,experiment_4
3200,-0.17,-0.205576689,0.5,0.548351933,49,54.32731377,0.0,0.01,[0.03773585 0.         0.80503145 0.1509434  0.00628931],25,-0.230209769,0.4,56.16,0.0,experiment_4
3300,-0.066037736,-0.19237328,0.75,0.573840447,52,54.36676039,0.0,0.01,[0.06451613 0.25806452 0.04032258 0.62903226 0.00806452],25,-0.166210147,0.55,51.04,0.0,experiment_4
3400,-0.456896552,-0.21418539,0.0,0.518819369,28,54.31778249,0.0,0.01,[0.03703704 0.23148148 0.72222222 0.00925926 0.        ],25,-0.178959104,0.61,54.64,0.0,experiment_4
3500,-0.140350877,-0.196865678,0.75,0.559060456,56,54.23669509,0.0,0.01,[0.08       0.17333333 0.51333333 0.23333333 0.        ],25,-0.154594327,0.61,52.88,0.0,experiment_4
3600,0.0,-0.173045538,1.0,0.604519672,31,54.17966295,0.0,0.01,[0.08333333 0.12037037 0.40740741 0.38888889 0.        ],25,-0.144579959,0.63,54.76,0.0,experiment_4
3700,-0.540909091,-0.173754027,0.25,0.604386568,54,54.16328798,0.0,0.01,[0.265625   0.15104167 0.49479167 0.08854167 0.        ],25,-0.259474703,0.48,48.76,0.0,experiment_4
3800,0.0,-0.163148827,1.0,0.631703448,30,54.08619292,0.0,0.01,[0.0733945  0.33944954 0.1559633  0.43119266 0.        ],25,-0.15738743,0.61,52.68,0.0,experiment_4
3900,0.0,-0.157671537,1.0,0.643767563,31,54.0023678,0.0,0.01,[0.11881188 0.59405941 0.14851485 0.13861386 0.        ],25,-0.152940431,0.69,50.76,0.0,experiment_4
4000,-0.217391304,-0.161137019,0.5,0.640578562,45,53.95719046,0.0,0.01,[0.04615385 0.26153846 0.03846154 0.65384615 0.        ],25,-0.157078038,0.6,54.64,0.0,experiment_4
100,-0.522077922077922,-0.7011494650415127,0.1428571428571428,0.0534703487004305,54,60.51,0.0,0.3660323412732292,[0.06042296 0.31722054 0.16314199 0.25075529 0.20845921],25,-0.5555981422475988,0.0,59.96,0.0,experiment_5
200,-0.4729064039408867,-0.5456956626776721,0.0,0.087907559485313,57,60.145,0.0,0.1339796748579617,[0.07795699 0.38978495 0.02419355 0.20698925 0.30107527],25,-0.5059370235295849,0.0,61.48,0.0,experiment_5
300,-0.5444743935309974,-0.4777273930557881,0.0,0.0800815702248766,52,59.56,0.0,0.0490408940712857,[0.25510204 0.12244898 0.05442177 0.00680272 0.56122449],25,-0.4126687328957295,0.0628571428571428,57.92,0.0,experiment_5
400,-0.1194805194805194,-0.4356009539461478,0.8571428571428571,0.1020261994013795,54,58.845,0.0,0.0179505532750451,[0.02118644 0.57627119 0.0720339  0.31779661 0.01271186],25,-0.3291563986359467,0.28,61.36,0.0,experiment_5
500,-0.2459016393442623,-0.4098338267513966,0.2857142857142857,0.1626254383487831,60,58.464,0.0,0.01,[0.01744186 0.2877907  0.27034884 0.15988372 0.26453488],25,-0.3126363632652392,0.2857142857142857,57.36,0.0,experiment_5
600,-0.2323390894819466,-0.3835409003024582,0.7142857142857143,0.2155139373201027,90,58.35666666666667,0.0,0.01,[0.00555556 0.34444444 0.08055556 0.55555556 0.01388889],25,-0.3131756590616518,0.2857142857142857,55.32,0.0,experiment_5
700,-0.1978021978021978,-0.3518072479638913,0.5714285714285714,0.2776538484563824,64,58.23857142857143,0.0,0.01,[0.00619195 0.86068111 0.0247678  0.10835913 0.        ],25,-0.3151894364022862,0.3199999999999999,56.48,0.0,experiment_5
800,-0.3025210084033613,-0.3105154328418489,0.2857142857142857,0.3530090579481424,50,58.1675,0.0,0.01,[0.032 0.3   0.548 0.12  0.   ],25,-0.2378145597231924,0.4571428571428571,53.76,0.0,experiment_5
900,-0.1576354679802955,-0.2847898478594377,0.4285714285714285,0.400543389839415,28,58.01777777777778,0.0,0.01,[0.10843373 0.45783133 0.29518072 0.13253012 0.0060241 ],25,-0.1709337785255763,0.5942857142857143,55.04,0.0,experiment_5
1000,-0.1428571428571428,-0.2231534849345538,0.7142857142857143,0.5128165717006261,55,57.671,0.0,0.01,[0.01171875 0.12890625 0.33984375 0.51953125 0.        ],25,-0.1713269418662411,0.6742857142857142,53.6,0.0,experiment_5
1100,0.0,-0.2199316288930589,1.0,0.5375026488231042,46,57.38545454545454,0.0,0.01,[0.02247191 0.60299625 0.05243446 0.31460674 0.00749064],25,-0.2698785644279712,0.4571428571428571,58.0,0.0,experiment_5
1200,-0.1457725947521866,-0.1954814513527969,0.8571428571428571,0.5871489458364936,48,57.165,0.0,0.01,[0.00985222 0.5862069  0.22660099 0.14285714 0.03448276],25,-0.2772307522846565,0.3085714285714285,56.16,0.0,experiment_5
1300,-0.4122965641952983,-0.2174478219879957,0.4285714285714285,0.5554935922776629,78,57.20076923076923,0.0,0.01,[0.01428571 0.6452381  0.01904762 0.1952381  0.12619048],25,-0.2712228417889075,0.5142857142857142,53.48,0.0,experiment_5
1400,-0.1318681318681318,-0.1821598537916388,0.8571428571428571,0.6191622462291634,51,56.91857142857143,0.0,0.01,[0.02192982 0.72807018 0.04824561 0.20175439 0.        ],25,-0.2146719115751854,0.5142857142857143,54.24,0.0,experiment_5
1500,-0.249496981891348,-0.1656887680375958,0.5714285714285714,0.6507583721159014,70,56.648,0.0,0.01,[0.06493506 0.7012987  0.04220779 0.18831169 0.00324675],25,-0.2385932126013059,0.5199999999999999,53.92,0.0,experiment_5
1600,-0.2767857142857143,-0.186377951358216,0.5714285714285714,0.6185382605156003,63,56.309375,0.0,0.01,[0.04150943 0.31320755 0.29811321 0.33962264 0.00754717],25,-0.2345735250535098,0.5257142857142858,56.76,0.0,experiment_5
1700,-0.4518272425249169,-0.2011570735241317,0.2857142857142857,0.6056300970853624,85,56.19058823529412,0.0,0.01,[0.02398082 0.3117506  0.32374101 0.0647482  0.27577938],25,-0.1678415798024547,0.6685714285714286,52.6,0.0,experiment_5
1800,-0.2012987012987013,-0.1819853857835681,0.7142857142857143,0.6335708292341885,65,56.01222222222222,0.0,0.01,[0.05109489 0.60948905 0.22262774 0.11678832 0.        ],25,-0.1902258538568516,0.64,52.6,0.0,experiment_5
1900,-0.3214285714285714,-0.1758433032069747,0.4285714285714285,0.6368066814774725,55,55.85368421052632,0.0,0.01,[0.08761329 0.54682779 0.06042296 0.30513595 0.        ],25,-0.1798596261782593,0.6514285714285714,53.6,0.0,experiment_5
2000,0.0,-0.1774103493457154,1.0,0.6403967112357006,37,55.64,0.0,0.01,[0.04761905 0.83116883 0.07359307 0.04761905 0.        ],25,-0.1828402865744207,0.6114285714285714,50.04,0.0,experiment_5
2100,-0.1293800539083558,-0.1715927798815115,0.7142857142857143,0.6145661077388833,52,55.53190476190476,0.0,0.01,[0.03791469 0.37914692 0.17061611 0.4028436  0.00947867],25,-0.155880746275685,0.68,54.36,0.0,experiment_5
2200,0.0,-0.1692462424968972,1.0,0.6353051519057183,53,55.50136363636364,0.0,0.01,[0.04417671 0.54216867 0.10843373 0.30522088 0.        ],25,-0.1316369436004945,0.7314285714285714,52.68,0.0,experiment_5
2300,-0.059299191374663,-0.1602687101523725,0.7142857142857143,0.6617538249564785,52,55.39565217391304,0.0,0.01,[0.12658228 0.41772152 0.21940928 0.17721519 0.05907173],25,-0.143433898963206,0.7028571428571427,54.12,0.0,experiment_5
2400,-0.2467532467532467,-0.1583792939718167,0.4285714285714285,0.6625250263110929,54,55.28958333333333,0.0,0.01,[0.00784314 0.55294118 0.14901961 0.28627451 0.00392157],25,-0.1365909836095922,0.6914285714285714,54.84,0.0,experiment_5
2500,-0.2195767195767195,-0.1475342412249696,0.5714285714285714,0.6711324272856979,53,55.244,0.0,0.01,[0.02884615 0.51442308 0.29326923 0.16346154 0.        ],25,-0.1184778922524097,0.7714285714285716,53.72,0.0,experiment_5
2600,-0.0551378446115288,-0.1525741710532078,0.8571428571428571,0.6683413180394211,56,55.112307692307695,0.0,0.01,[0.10638298 0.21808511 0.45212766 0.22340426 0.        ],25,-0.1333634371126905,0.7142857142857143,50.0,0.0,experiment_5
2700,0.0,-0.1563478068279691,1.0,0.657262068336178,38,54.93666666666667,0.0,0.01,[0.09589041 0.56621005 0.14155251 0.18721461 0.00913242],25,-0.1968429990313747,0.5485714285714285,54.36,0.0,experiment_5
2800,0.0,-0.1491684482204514,1.0,0.6700207774296941,49,54.8475,0.0,0.01,[0.04961832 0.5610687  0.13740458 0.2519084  0.        ],25,-0.1407315123853299,0.72,52.6,0.0,experiment_5
2900,0.0,-0.1488975414620234,1.0,0.683276436913123,44,54.75241379310345,0.0,0.01,[0.08300395 0.54545455 0.04743083 0.30434783 0.01976285],25,-0.1515234832209376,0.7085714285714285,54.48,0.0,experiment_5
3000,-0.4553571428571428,-0.1614451477153591,0.0,0.6614090613694472,47,54.68666666666667,0.0,0.01,[0.01083032 0.18050542 0.25270758 0.55234657 0.00361011],25,-0.1761675636725391,0.6285714285714286,53.96,0.0,experiment_5
3100,-0.0129870129870129,-0.1446209825992308,1.0,0.6997277753948774,53,54.60580645161291,0.0,0.01,[0.10548523 0.4556962  0.13924051 0.29535865 0.00421941],25,-0.1351956838022397,0.7028571428571427,51.84,0.0,experiment_5
3200,-0.0571428571428571,-0.1375142584433188,0.8571428571428571,0.7021665384214116,54,54.5259375,0.0,0.01,[0.07657658 0.38288288 0.33783784 0.2027027  0.        ],25,-0.124144952760096,0.7314285714285714,53.64,0.0,experiment_5
3300,-0.1071428571428571,-0.1422640074814544,0.5714285714285714,0.6927875531548608,55,54.43333333333333,0.0,0.01,[0.01140684 0.2851711  0.4486692  0.25095057 0.00380228],25,-0.1071696349493644,0.76,50.88,0.0,experiment_5
3400,-0.3333333333333333,-0.1484078282456821,0.4285714285714285,0.6757257767122263,53,54.35705882352941,0.0,0.01,[0.02915452 0.50145773 0.09912536 0.37026239 0.        ],25,-0.1386092067707482,0.7085714285714286,54.2,0.0,experiment_5
3500,-0.2708333333333333,-0.1287733351269868,0.2857142857142857,0.731813086926364,47,54.24342857142857,0.0,0.01,[0.01574803 0.5984252  0.07086614 0.31496063 0.        ],25,-0.0879688634217937,0.8114285714285715,49.24,0.0,experiment_5
3600,-0.1724137931034483,-0.1328591695808904,0.7142857142857143,0.7126072834461818,86,54.16916666666667,0.0,0.01,[0.07977208 0.58404558 0.15099715 0.18233618 0.002849  ],25,-0.0777511396841867,0.84,45.28,0.0,experiment_5
3700,-0.1293800539083558,-0.1607247843648367,0.8571428571428571,0.6544036431511379,52,54.16054054054054,0.0,0.01,[0.07834101 0.41474654 0.04147465 0.46543779 0.        ],25,-0.1638179529291245,0.7085714285714286,52.12,0.0,experiment_5
3800,0.0,-0.1462919605045758,1.0,0.6745766898844253,41,54.11394736842105,0.0,0.01,[0.07964602 0.39823009 0.07964602 0.44247788 0.        ],25,-0.1574346513690482,0.6857142857142857,55.44,0.0,experiment_5
3900,0.0,-0.1293737549153263,1.0,0.7199455811658493,40,54.01358974358974,0.0,0.01,[0.05284553 0.68699187 0.08943089 0.17073171 0.        ],25,-0.1147832242515145,0.7714285714285716,53.0,0.0,experiment_5
4000,-0.2214285714285714,-0.1302149815867937,0.5714285714285714,0.7387692879052987,59,53.9945,0.0,0.01,[0.1122449  0.68707483 0.04081633 0.15986395 0.        ],25,-0.1254026546153002,0.76,50.04,0.0,experiment_5
100,-0.4232142857142857,-0.6799717267247347,0.0,0.058190260530593,55,59.24,0.0,0.3660323412732292,[0.08631579 0.20631579 0.12421053 0.18105263 0.40210526],25,-0.501019218975745,0.0,60.96,0.0,experiment_6
200,-0.4915254237288136,-0.5240825226102229,0.0,0.0466201452658591,58,58.165,0.0,0.1339796748579617,[0.22641509 0.16415094 0.03396226 0.22075472 0.35471698],25,-0.4775746488835624,0.0,55.64,0.0,experiment_6
300,-0.2932203389830508,-0.4432785034726804,0.5,0.0922161467399219,58,58.78,0.0,0.0490408940712857,[0.03203661 0.05491991 0.01830664 0.87414188 0.02059497],25,-0.3190383442311603,0.268,57.72,0.0,experiment_6
400,-0.3690909090909091,-0.4209692349756421,0.3,0.1291309821085104,54,58.7375,0.0,0.0179505532750451,[0.20043573 0.02832244 0.12854031 0.63834423 0.0043573 ],25,-0.3370529624862247,0.4040000000000001,55.96,0.0,experiment_6
500,-0.6690909090909091,-0.3840724408198574,0.0,0.1888246843277031,54,58.794,0.0,0.01,[0.10993658 0.38689218 0.25158562 0.02959831 0.22198732],25,-0.4073279834763271,0.168,56.84,0.0,experiment_6
600,0.0,-0.3412676452344523,1.0,0.2843381516769355,49,58.66,0.0,0.01,[0.09414758 0.40966921 0.07124682 0.42239186 0.00254453],25,-0.3565032708674605,0.288,55.56,0.0,experiment_6
700,-0.3867924528301887,-0.297577243932738,0.1,0.3694044264953327,52,58.39571428571429,0.0,0.01,[0.06882591 0.77530364 0.01012146 0.14574899 0.        ],25,-0.318385635105458,0.34,57.8,0.0,experiment_6
800,-0.1358490566037735,-0.2722285950409921,0.7,0.4091622065011291,52,58.40375,0.0,0.01,[0.14447592 0.43909348 0.07082153 0.34560907 0.        ],25,-0.3269572580113266,0.236,57.52,0.0,experiment_6
900,-0.1923076923076923,-0.2651160318547103,0.6,0.4007321494541964,51,58.39888888888889,0.0,0.01,[0.35612536 0.05698006 0.0997151  0.3960114  0.09116809],25,-0.1990447541329688,0.54,63.12,0.0,experiment_6
1000,-0.0092592592592592,-0.2385781911082583,1.0,0.473990932595974,39,58.241,0.0,0.01,[0.13385827 0.59448819 0.09055118 0.18110236 0.        ],25,-0.2133566350312759,0.496,52.88,0.0,experiment_6
1100,-0.4096153846153846,-0.2487908853687383,0.2,0.4547240673283313,51,58.18727272727273,0.0,0.01,[0.24565757 0.64019851 0.01736973 0.02729529 0.06947891],25,-0.289821510768203,0.352,56.6,0.0,experiment_6
1200,-0.2109090909090909,-0.2278944977986972,0.5,0.507848267410063,54,58.053333333333335,0.0,0.01,[0.49497487 0.19849246 0.02763819 0.27638191 0.00251256],25,-0.1807508555592339,0.5760000000000001,59.24,0.0,experiment_6
1300,-0.3637931034482758,-0.2062029530002731,0.2,0.5426228567101039,57,57.94,0.0,0.01,[0.56389452 0.17241379 0.05476673 0.168357   0.04056795],25,-0.1866253047109126,0.584,55.12,0.0,experiment_6
1400,-0.292156862745098,-0.2044081453994986,0.3,0.5343086946559552,50,57.85714285714285,0.0,0.01,[0.32668329 0.42394015 0.08478803 0.13715711 0.02743142],25,-0.3271091866029088,0.272,59.4,0.0,experiment_6
1500,0.0,-0.2062411492578207,1.0,0.5509589232585578,43,57.78333333333333,0.0,0.01,[0.15542522 0.31671554 0.14662757 0.38123167 0.        ],25,-0.1956661219693819,0.5479999999999999,55.4,0.0,experiment_6
1600,-0.4222222222222222,-0.2083579524017844,0.3,0.5441877978362232,62,57.678125,0.0,0.01,[0.29026217 0.37265918 0.04681648 0.29026217 0.        ],25,-0.2350679465634916,0.484,62.04,0.0,experiment_6
1700,-0.4333333333333333,-0.2161652352972946,0.1,0.5254752906985193,50,57.55117647058824,0.0,0.01,[0.30410959 0.18630137 0.03835616 0.44657534 0.02465753],25,-0.2249370733017868,0.5,57.12,0.0,experiment_6
1800,-0.1034482758620689,-0.2043928153026248,0.8,0.5612281005557229,57,57.57833333333333,0.0,0.01,[0.07098765 0.4691358  0.16049383 0.18518519 0.11419753],25,-0.2080837161879146,0.56,52.8,0.0,experiment_6
1900,-0.0258620689655172,-0.1917338171609836,1.0,0.5837487202884025,57,57.39,0.0,0.01,[0.31518625 0.38108883 0.10028653 0.2034384  0.        ],25,-0.2037568496407815,0.6000000000000001,54.52,0.0,experiment_6
2000,-0.5347826086956522,-0.1952873646635846,0.0,0.5786312667537645,91,57.2945,0.0,0.01,[0.34883721 0.26614987 0.00258398 0.36950904 0.0129199 ],25,-0.3606458786527972,0.304,56.04,0.0,experiment_6
2100,-0.1433962264150943,-0.1760256953990679,0.7,0.626053976543159,52,57.14571428571429,0.0,0.01,[0.06179775 0.63483146 0.07865169 0.21067416 0.01404494],25,-0.1616736937277655,0.624,52.72,0.0,experiment_6
2200,-0.1571428571428571,-0.1736452659175106,0.5,0.6286918117408632,48,57.09045454545455,0.0,0.01,[0.06876791 0.60458453 0.1260745  0.19770774 0.00286533],25,-0.1805753077324476,0.604,56.84,0.0,experiment_6
2300,-0.0053571428571428,-0.1900819866086418,1.0,0.5815354505698781,55,57.02608695652174,0.0,0.01,[0.23510972 0.48902821 0.08777429 0.18181818 0.00626959],25,-0.2139692919038689,0.52,54.92,0.0,experiment_6
2400,-0.2203389830508474,-0.1893870950340853,0.4,0.5937501328223352,58,56.97291666666667,0.0,0.01,[0.09859155 0.83802817 0.01877934 0.04225352 0.00234742],25,-0.1895854140538623,0.5680000000000001,55.12,0.0,experiment_6
2500,0.0,-0.1860219744399057,1.0,0.5960425696524188,44,56.8932,0.0,0.01,[0.19292605 0.50160772 0.09967846 0.19614148 0.0096463 ],25,-0.1724078753292925,0.664,50.48,0.0,experiment_6
2600,-0.0056603773584905,-0.1842101656403675,1.0,0.5911721503099082,39,56.82576923076923,0.0,0.01,[0.2195122  0.3554007  0.06620209 0.31358885 0.04529617],25,-0.228283009921828,0.5,57.04,0.0,experiment_6
2700,-0.1839285714285714,-0.2001101100433087,0.6,0.5419501164452328,55,56.82666666666667,0.0,0.01,[0.1122449  0.30102041 0.03316327 0.44897959 0.10459184],25,-0.217481130524716,0.56,54.48,0.0,experiment_6
2800,-0.0017241379310344,-0.2149900755045821,1.0,0.4965428919463182,53,56.8775,0.0,0.01,[0.16158537 0.46646341 0.07621951 0.2652439  0.0304878 ],25,-0.19339496916231,0.564,58.4,0.0,experiment_6
2900,-0.5964285714285714,-0.2187518671064885,0.0,0.4975122644619369,55,56.82206896551724,0.0,0.01,[0.07050093 0.16883117 0.02782931 0.72912801 0.00371058],25,-0.209836343244357,0.58,55.0,0.0,experiment_6
3000,-0.1363636363636363,-0.1974968395674909,0.6,0.5522137213318299,65,56.81466666666667,0.0,0.01,[0.09653465 0.61386139 0.10643564 0.17821782 0.0049505 ],25,-0.2186759313738,0.5,57.04,0.0,experiment_6
3100,-0.125531914893617,-0.181196612872428,0.5,0.5914234554880673,93,56.74516129032258,0.0,0.01,[0.10608696 0.44173913 0.07652174 0.37391304 0.00173913],25,-0.1844989108187042,0.6,51.28,0.0,experiment_6
3200,-0.0120689655172413,-0.1767133977003373,0.9,0.5997897412802282,57,56.6990625,0.0,0.01,[0.31761006 0.43710692 0.08805031 0.1509434  0.00628931],25,-0.1476520740065471,0.664,54.8,0.0,experiment_6
3300,-0.1516129032258064,-0.1848070698937666,0.6,0.5928108538217086,61,56.66242424242424,0.0,0.01,[0.14489311 0.77672209 0.03087886 0.04750594 0.        ],25,-0.1831127425510153,0.544,61.04,0.0,experiment_6
3400,-0.2981818181818181,-0.1851716194844193,0.3,0.5917733981919832,54,56.62764705882353,0.0,0.01,[0.12391931 0.4610951  0.1556196  0.1037464  0.1556196 ],25,-0.1684095747228119,0.588,55.4,0.0,experiment_6
3500,-0.0442622950819672,-0.1722727111951469,0.9,0.6106305988492485,60,56.577714285714286,0.0,0.01,[0.23026316 0.52302632 0.17763158 0.06907895 0.        ],25,-0.1493775669772135,0.6920000000000001,52.68,0.0,experiment_6
3600,-0.3847222222222222,-0.1686025662533501,0.2,0.618241683862531,71,56.58416666666667,0.0,0.01,[0.11584327 0.21635434 0.10902896 0.51618399 0.04258944],25,-0.1398842533037158,0.66,52.76,0.0,experiment_6
3700,-0.14,-0.1711391727773353,0.5,0.6161521590972541,54,56.53135135135136,0.0,0.01,[0.26439791 0.41884817 0.15445026 0.15706806 0.0052356 ],25,-0.1251767208345341,0.72,49.12,0.0,experiment_6
3800,-0.2289156626506024,-0.1716111343460831,0.5,0.6132243853868768,82,56.50078947368421,0.0,0.01,[0.22178988 0.33463035 0.1614786  0.21984436 0.06225681],25,-0.1095661822391474,0.7560000000000001,49.68,0.0,experiment_6
3900,-0.2316666666666666,-0.1711143435968947,0.5,0.6056002493904541,59,56.46,0.0,0.01,[0.07349666 0.23385301 0.3830735  0.1091314  0.20044543],25,-0.20999863633971,0.56,58.64,0.0,experiment_6
4000,0.0,-0.182550159301955,1.0,0.582577107959606,37,56.462,0.0,0.01,[0.12837838 0.42905405 0.15878378 0.28378378 0.        ],25,-0.2209454121163213,0.496,57.96,0.0,experiment_6
100,-0.4237410071942446,-0.6816991957131733,0.1,0.0671939983835204,138,117.95,0.0,0.3660323412732292,[0.09574468 0.37137331 0.06769826 0.155706   0.30947776],25,-0.371559430336525,0.0,118.72,0.0,experiment_7
200,-0.4661016949152542,-0.5627939138737473,0.2,0.065912840845032,117,118.57,0.0,0.1339796748579617,[0.07127193 0.29934211 0.02741228 0.2379386  0.36403509],25,-0.565308735223611,0.0,110.72,0.0,experiment_7
300,-0.4369230769230769,-0.535004125986141,0.0,0.0538197605513658,129,117.56333333333332,0.0,0.0490408940712857,[0.04175589 0.17880086 0.00642398 0.02997859 0.74304069],25,-0.3721641942632436,0.0,121.6,0.0,experiment_7
400,-0.56015625,-0.5087885394363201,0.0,0.060783743735037,127,117.375,0.0,0.0179505532750451,[0.10163339 0.00181488 0.00181488 0.00998185 0.88475499],25,-0.3836102390905063,0.0,120.76,0.0,experiment_7
500,-0.4688524590163934,-0.4770004151820063,0.0,0.0727845950672734,121,116.946,0.0,0.01,[0.0030896  0.02780639 0.00205973 0.52729145 0.43975283],25,-0.4613195733510131,0.06,117.2,0.0,experiment_7
600,-0.4888,-0.4863173819057078,0.2,0.0623839054661411,124,116.82,0.0,0.01,[0.36082474 0.20824742 0.00618557 0.40721649 0.01752577],25,-0.4116773833170671,0.172,123.04,0.0,experiment_7
700,-0.3951612903225806,-0.4703971480138419,0.0,0.0625463036400377,123,116.82428571428572,0.0,0.01,[0.76425856 0.07889734 0.03231939 0.01140684 0.11311787],25,-0.3863491347848403,0.0,120.8,0.0,experiment_7
800,-0.4923076923076923,-0.4674140261737829,0.0,0.0663212558983695,129,116.67,0.0,0.01,[0.47110676 0.03917728 0.00391773 0.46425073 0.0215475 ],25,-0.4041280683415065,0.004,115.72,0.0,experiment_7
900,-0.4833333333333333,-0.4581254595855682,0.0,0.056319780097411,149,116.62777777777778,0.0,0.01,[0.15668581 0.00164069 0.00246103 0.00328138 0.83593109],25,-0.4003920289002974,0.0,117.08,0.0,experiment_7
1000,-0.350375939849624,-0.4311150091802965,0.1,0.1148988803383921,132,116.644,0.0,0.01,[0.73047305 0.11221122 0.00220022 0.14961496 0.00550055],25,-0.3860452328160989,0.044,115.72,0.0,experiment_7
1100,-0.3605504587155963,-0.3932043726736637,0.3,0.2091680753609669,108,116.35454545454546,0.0,0.01,[0.06446777 0.66116942 0.00449775 0.21889055 0.05097451],25,-0.2951348525816006,0.4040000000000001,115.4,0.000125,experiment_7
1200,-0.5693069306930693,-0.3470390176490819,0.3,0.293097157505083,100,116.465,0.0,0.01,[0.49477807 0.2310705  0.         0.21279373 0.0613577 ],25,-0.3659187544678622,0.252,114.0,0.0,experiment_7
1300,-0.4656,-0.3548695048880817,0.1,0.2827639622542512,124,116.50846153846152,0.0,0.01,[0.53912214 0.17843511 0.01145038 0.1860687  0.08492366],25,-0.3157654491759681,0.356,114.2,0.0,experiment_7
1400,-0.2657142857142857,-0.3235243365046257,0.6,0.324766806623025,104,116.16857142857144,0.0,0.01,[0.37416107 0.15268456 0.00167785 0.36577181 0.1057047 ],25,-0.2820636054086066,0.3839999999999999,121.04,0.0,experiment_7
1500,-0.4238938053097345,-0.3013140578570265,0.2,0.3761066070805609,112,115.888,0.0,0.01,[0.59675676 0.01189189 0.         0.3427027  0.04864865],25,-0.3292086411367774,0.2479999999999999,117.56,0.0,experiment_7
1600,-0.2229508196721311,-0.2881635302876904,0.4,0.3934323112406314,121,115.996875,0.0,0.01,[0.07503234 0.03751617 0.04139715 0.84346701 0.00258732],25,-0.2614483753896284,0.46,114.44,0.0,experiment_7
1700,-0.4613636363636363,-0.3032365137571255,0.0,0.3759648331100268,131,116.00529411764704,0.0,0.01,[0.16805171 0.37765466 0.02216066 0.20960295 0.22253001],25,-0.2648938925433827,0.416,110.36,0.0,experiment_7
1800,-0.4228070175438596,-0.3200534272260568,0.2,0.3441784334813583,113,116.07888888888888,0.0,0.01,[0.34861407 0.2803838  0.15031983 0.21108742 0.00959488],25,-0.3008084656435039,0.3360000000000001,118.12,0.0,experiment_7
1900,-0.2204081632653061,-0.3144881908170306,0.5,0.3442251400801858,146,116.10526315789474,0.0,0.01,[0.70575693 0.07782516 0.02985075 0.15778252 0.02878465],25,-0.3102105203240995,0.312,114.52,0.0,experiment_7
2000,-0.31,-0.306288398919145,0.4,0.366885927198939,119,116.016,0.0,0.01,[0.22639225 0.34624697 0.01937046 0.36561743 0.04237288],25,-0.3399657746636728,0.14,123.48,0.0,experiment_7
2100,-0.3688,-0.2885518762390848,0.4,0.4084582357987444,124,116.12571428571428,0.0,0.01,[0.42358604 0.3188929  0.00481348 0.18411552 0.06859206],25,-0.304661922519356,0.364,109.12,0.0,experiment_7
2200,-0.3702380952380952,-0.2832367192505802,0.2,0.4007115995989456,83,116.175,0.0,0.01,[0.21966206 0.03993856 0.01843318 0.68970814 0.03225806],25,-0.2538115024792152,0.4319999999999999,113.96,0.0,experiment_7
2300,-0.1290076335877862,-0.2742878083100502,0.6,0.4283341131875024,130,116.19304347826088,0.0,0.01,[0.14613181 0.51002865 0.01002865 0.32091691 0.01289398],25,-0.3299020928520038,0.264,118.12,0.0,experiment_7
2400,-0.3822916666666666,-0.3014676132100877,0.3,0.387360521131606,95,116.16125,0.0,0.01,[0.5077574  0.0493653  0.00423131 0.29337094 0.14527504],25,-0.4338822212481605,0.124,117.64,0.0,experiment_7
2500,-0.3403361344537815,-0.2894866013763833,0.2,0.4032326440858064,118,116.1212,0.0,0.01,[0.3358209  0.23347548 0.02132196 0.35501066 0.054371  ],25,-0.2473326941885639,0.44,120.0,0.0,experiment_7
2600,-0.4341085271317829,-0.2627210942102531,0.1,0.4443156396421415,128,116.15692307692308,0.0,0.01,[0.07559809 0.03923445 0.06794258 0.81148325 0.00574163],25,-0.2815113847108847,0.412,110.08,0.0,experiment_7
2700,-0.1429752066115702,-0.2696771399193137,0.8,0.4348238996756456,120,116.08,0.0,0.01,[0.31630972 0.05436573 0.01317957 0.6062603  0.00988468],25,-0.2803381086617645,0.3959999999999999,109.84,0.0001923076923076,experiment_7
2800,-0.2414814814814815,-0.268464451032392,0.4,0.4381721092284973,134,116.08178571428572,0.0,0.01,[0.25       0.11910377 0.04716981 0.52358491 0.06014151],25,-0.3058122992193829,0.324,124.48,0.0,experiment_7
2900,-0.4694214876033057,-0.279483447992301,0.4,0.4195020693596066,120,116.16586206896552,0.0,0.01,[0.37076023 0.20467836 0.01403509 0.37309942 0.0374269 ],25,-0.2406834684524274,0.512,106.84,0.0,experiment_7
3000,-0.5235294117647059,-0.2763895364578205,0.1,0.4248452680852158,84,116.104,0.0,0.01,[0.81639929 0.03921569 0.00891266 0.13012478 0.00534759],25,-0.2882962312774523,0.3279999999999999,122.24,0.0,experiment_7
3100,-0.0689655172413793,-0.2722534651863688,0.8,0.4316674696666931,86,116.11129032258064,0.0,0.01,[0.33688699 0.32622601 0.         0.26012793 0.07675906],25,-0.3058227073327755,0.348,119.6,0.0,experiment_7
3200,-0.3907407407407407,-0.2778170530317605,0.2,0.4361956372369067,107,116.1321875,0.0,0.01,[0.44707521 0.08495822 0.06963788 0.39693593 0.00139276],25,-0.3510023217134568,0.192,118.2,0.0,experiment_7
3300,-0.2528925619834711,-0.2649045568899953,0.3,0.4471452312536803,120,116.12757575757576,0.0,0.01,[0.70286576 0.04223228 0.0015083  0.25037707 0.00301659],25,-0.2240643998528659,0.508,112.12,0.0002474226804123,experiment_7
3400,-0.4097560975609756,-0.2863063295197942,0.2,0.4121265716087017,122,116.12735294117648,0.0,0.01,[0.30239833 0.21272158 0.13660063 0.25234619 0.09593326],25,-0.3709660733942984,0.244,110.12,0.0,experiment_7
3500,-0.1190839694656488,-0.258856082157866,0.8,0.4648251311189496,130,116.12685714285716,0.0,0.01,[0.18997912 0.24008351 0.13152401 0.434238   0.00417537],25,-0.4098187700684079,0.172,117.68,0.0,experiment_7
3600,-0.3271428571428571,-0.2774066396612375,0.2,0.4153978992765335,139,116.10833333333332,0.0,0.01,[0.20845624 0.24975418 0.00294985 0.49557522 0.0432645 ],25,-0.3558058766887298,0.264,113.44,0.0,experiment_7
3700,-0.1442477876106194,-0.280819148204223,0.6,0.4255356483302782,112,116.09864864864863,0.0,0.01,[0.20298507 0.26716418 0.00447761 0.48656716 0.03880597],25,-0.2754068057283095,0.46,115.04,0.0,experiment_7
3800,-0.3402061855670103,-0.2630363087850669,0.4,0.4617352524362841,96,116.0842105263158,0.0,0.01,[0.34285714 0.11558442 0.00909091 0.52337662 0.00909091],25,-0.3138969491734226,0.356,115.56,0.0,experiment_7
3900,-0.0482142857142857,-0.2632260540447806,0.9,0.4552570570718913,167,116.1248717948718,0.0,0.01,[0.37089872 0.20114123 0.00570613 0.41940086 0.00285307],25,-0.2709056029164026,0.4639999999999999,116.88,0.0,experiment_7
4000,-0.2294736842105263,-0.2742444586288131,0.7,0.4331165121355596,94,116.15875,0.0,0.01,[0.59966499 0.11725293 0.01005025 0.26968174 0.00335008],25,-0.2892787120937191,0.3959999999999999,119.12,0.0,experiment_7
100,-0.5506849315068493,-0.6912312178196991,0.0,0.0506086850766646,145,122.77,0.0,0.3660323412732292,[0.1865369  0.19626926 0.06731549 0.39983779 0.15004055],25,-0.3795539330121253,0.0,127.92,0.0,experiment_8
200,-0.4876712328767123,-0.567294744625934,0.0,0.0643362157978837,145,127.64,0.0,0.1339796748579617,[0.02803738 0.15732087 0.01557632 0.15654206 0.64252336],25,-0.5538928996338776,0.004,123.4,0.0,experiment_8
300,-0.4785714285714286,-0.527418160876079,0.1,0.0511632722174065,153,128.07666666666665,0.0,0.0490408940712857,[0.07883462 0.57583548 0.01199657 0.08054841 0.25278492],25,-0.383614072039618,0.0,121.24,0.0,experiment_8
400,-0.5442477876106194,-0.5072823843287428,0.0,0.084517630101866,112,127.385,0.0,0.0179505532750451,[0.07958115 0.30890052 0.00209424 0.03664921 0.57277487],25,-0.499051271718109,0.012,118.52,0.0,experiment_8
500,-0.5201388888888889,-0.4858408145918452,0.0,0.0787917843118791,143,127.616,0.0,0.01,[0.18423237 0.01742739 0.08381743 0.46473029 0.24979253],25,-0.4923637849648535,0.08,136.64,0.0,experiment_8
600,-0.4606896551724138,-0.4604256426595551,0.2,0.1115279786925887,144,127.775,0.0,0.01,[0.04903846 0.37980769 0.10961538 0.30288462 0.15865385],25,-0.4127868187506317,0.252,141.28,0.0,experiment_8
700,-0.3507246376811594,-0.4024498383593182,0.3,0.1897835399810581,68,127.37142857142857,0.0,0.01,[0.71891892 0.02702703 0.05585586 0.19459459 0.0036036 ],25,-0.3953388910401156,0.1119999999999999,125.2,0.0,experiment_8
800,-0.4748091603053435,-0.3706779421432742,0.1,0.2525181596758274,130,127.9025,0.0,0.01,[0.52952756 0.03346457 0.02952756 0.25590551 0.1515748 ],25,-0.3421131371539821,0.316,122.64,0.0,experiment_8
900,-0.1733333333333333,-0.3180354188195028,0.4,0.3440973050858077,134,128.54444444444445,0.0,0.01,[0.84564498 0.00992282 0.09261301 0.05071665 0.00110254],25,-0.3501436519284697,0.2239999999999999,129.72,0.0,experiment_8
1000,-0.35,-0.3249146354354493,0.3,0.3269674675332788,95,127.865,0.0,0.01,[0.30940989 0.10207337 0.09569378 0.47527911 0.01754386],25,-0.2881848641789633,0.3959999999999999,141.68,0.0,experiment_8
1100,-0.1633333333333333,-0.3277381900908732,0.6,0.3266069429326758,149,128.00636363636363,0.0,0.01,[0.4        0.19148936 0.17163121 0.20283688 0.03404255],25,-0.3266147973681118,0.244,116.36,0.0,experiment_8
1200,-0.2402777777777777,-0.332363662121147,0.6,0.3334874714344871,143,128.59166666666667,0.0,0.01,[0.19609967 0.29685807 0.30877573 0.19393283 0.00433369],25,-0.2719807027310914,0.444,134.2,0.0,experiment_8
1300,-0.4161849710982659,-0.3119578060648239,0.2,0.3586124644505854,172,128.68846153846152,0.0,0.01,[0.08339952 0.31771247 0.07545671 0.4725973  0.050834  ],25,-0.3594774873221826,0.092,136.48,0.0,experiment_8
1400,-0.2702380952380952,-0.3281394644055136,0.3,0.3234357776773772,83,129.37571428571428,0.0,0.01,[0.5505279  0.12066365 0.08295626 0.23378582 0.01206637],25,-0.3763530735237093,0.084,139.6,0.0,experiment_8
1500,-0.3841726618705036,-0.3354396840646286,0.1,0.3037015002032638,138,128.99533333333332,0.0,0.01,[0.56223176 0.08755365 0.09613734 0.21030043 0.04377682],25,-0.2376982557970098,0.5,134.44,0.0001587301587301,experiment_8
1600,-0.2319444444444444,-0.3032249393853662,0.4,0.3730916975013079,143,128.823125,0.0,0.01,[0.16129032 0.57358871 0.13508065 0.12197581 0.00806452],25,-0.2987559712667367,0.34,147.2,0.0,experiment_8
1700,-0.2786764705882353,-0.2962389998451581,0.2,0.3723111535991327,135,128.50882352941176,0.0,0.01,[0.47253886 0.32331606 0.05181347 0.1357513  0.01658031],25,-0.2769748866952655,0.34,127.68,0.0,experiment_8
1800,-0.3228070175438596,-0.3032233852451199,0.4,0.3901059966729369,113,128.46,0.0,0.01,[0.02882206 0.60025063 0.10526316 0.12406015 0.14160401],25,-0.4067497438232695,0.048,128.96,0.0,experiment_8
1900,-0.4359712230215827,-0.2938627610608947,0.2,0.4040678601562962,138,128.52052631578948,0.0,0.01,[0.0532491  0.55685921 0.10379061 0.17238267 0.11371841],25,-0.2961394849319922,0.34,130.88,0.0,experiment_8
2000,-0.2083916083916084,-0.2909425879570723,0.5,0.3960455279232154,142,128.472,0.0,0.01,[0.40770252 0.24568393 0.18857902 0.09960159 0.05843293],25,-0.2278474214665612,0.512,129.2,0.0,experiment_8
2100,-0.238095238095238,-0.2732181197083135,0.3,0.4350649219530589,125,128.26,0.0,0.01,[0.22567568 0.37162162 0.06081081 0.33513514 0.00675676],25,-0.2732732817062159,0.4040000000000001,123.36,0.0,experiment_8
2200,-0.360377358490566,-0.2809585080016941,0.3,0.4360921118812842,158,128.0909090909091,0.0,0.01,[0.03186908 0.1335056  0.07062877 0.76141258 0.00258398],25,-0.2402346747178563,0.456,140.0,0.0,experiment_8
2300,-0.3103448275862069,-0.2700500546454747,0.3,0.4505342012377702,173,128.2108695652174,0.0,0.01,[0.35594714 0.02819383 0.0907489  0.47577093 0.04933921],25,-0.3679630302447299,0.1159999999999999,133.8,0.0,experiment_8
2400,-0.4272727272727272,-0.2699873280076977,0.0,0.4523109440548056,109,128.23125,0.0,0.01,[0.0052356  0.76963351 0.13193717 0.02617801 0.06701571],25,-0.3290663538941865,0.332,123.68,0.0,experiment_8
2500,-0.2273972602739726,-0.2543788161581037,0.3,0.4702372474030671,72,127.9664,0.0,0.01,[0.15254237 0.15819209 0.09227872 0.52730697 0.06967985],25,-0.2330643850925012,0.532,140.08,0.0,experiment_8
2600,-0.3944444444444444,-0.2729251644245986,0.4,0.4437284458090497,71,128.01846153846154,0.0,0.01,[0.44252874 0.03831418 0.21264368 0.3045977  0.00191571],25,-0.2893072899185245,0.388,145.32,0.0,experiment_8
2700,-0.0606965174129353,-0.2871164711735121,0.7,0.4315191282023586,200,128.27666666666667,0.0,0.01,[0.1092545  0.14395887 0.23136247 0.4151671  0.10025707],25,-0.2564237985425313,0.452,123.68,0.0,experiment_8
2800,-0.1988826815642458,-0.2776405157783198,0.8,0.4309716669686366,178,128.36392857142857,0.0,0.01,[0.11301045 0.09021842 0.28110161 0.38936372 0.12630579],25,-0.3716951167102649,0.14,119.28,0.0,experiment_8
2900,-0.1606382978723404,-0.266418525114428,0.4,0.4418682420108716,93,128.50931034482758,0.0,0.01,[0.01525424 0.2220339  0.39491525 0.26101695 0.10677966],25,-0.2849081436733854,0.44,110.88,0.0,experiment_8
3000,-0.21875,-0.2640601159081926,0.3,0.4568813670597957,223,128.6266666666667,0.0,0.01,[0.1866417  0.2659176  0.18601748 0.15230961 0.20911361],25,-0.3520088601740398,0.064,138.64,0.0,experiment_8
3100,-0.4664596273291925,-0.2625391780355415,0.2,0.4469116581264274,160,129.07225806451612,0.0,0.01,[0.32127476 0.09302326 0.16881998 0.14039621 0.27648579],25,-0.3351788433679584,0.192,138.52,0.0,experiment_8
3200,-0.4172413793103448,-0.297542059041373,0.3,0.3943375988511424,86,129.0721875,0.0,0.01,[0.52560241 0.24096386 0.14909639 0.07379518 0.01054217],25,-0.324043931462129,0.352,140.28,0.0,experiment_8
3300,-0.4733668341708543,-0.3092706637036716,0.0,0.3713282452922574,198,129.05424242424243,0.0,0.01,[0.06388362 0.15939279 0.01201771 0.02593295 0.73877293],25,-0.4115964980321421,0.0,120.8,0.0,experiment_8
3400,-0.3471428571428571,-0.3088199131303307,0.2,0.3684638857295134,139,129.08676470588236,0.0,0.01,[0.42742654 0.16740873 0.23330365 0.13178985 0.04007124],25,-0.3578150774088532,0.16,141.56,0.0,experiment_8
3500,-0.3524691358024691,-0.2741376619531361,0.4,0.4284820632285519,161,129.09114285714287,0.0,0.01,[0.31792376 0.41524736 0.05352798 0.10624493 0.10705596],25,-0.3324913427631115,0.296,125.72,0.0,experiment_8
3600,-0.3675862068965517,-0.2686728466824428,0.1,0.4410500272414246,144,129.2877777777778,0.0,0.01,[0.2436019  0.03791469 0.09099526 0.22938389 0.39810427],25,-0.3770550687565016,0.108,130.88,0.0,experiment_8
3700,-0.3544444444444444,-0.2966300314271184,0.2,0.3855614928612154,89,129.18297297297298,0.0,0.01,[0.75578035 0.03612717 0.10115607 0.01734104 0.08959538],25,-0.3481538498729144,0.16,135.84,0.0,experiment_8
3800,-0.3855072463768116,-0.3082008920811717,0.0,0.3709071519699666,68,129.17947368421054,0.0,0.01,[0.91076923 0.00615385 0.02153846 0.05846154 0.00307692],25,-0.3629222741156891,0.088,129.64,0.0,experiment_8
3900,-0.3031746031746031,-0.2778092129784727,0.2,0.4359876772059196,125,128.9671794871795,0.0,0.01,[0.32630411 0.32297447 0.22197558 0.09988901 0.02885683],25,-0.2438110587464336,0.4679999999999999,123.92,0.0,experiment_8
4000,-0.0518518518518518,-0.2878360911979545,0.8,0.3963603156383988,80,128.96125,0.0,0.01,[0.32438479 0.02684564 0.26174497 0.3803132  0.00671141],25,-0.3535444312275864,0.096,131.64,0.0,experiment_8
100,-0.6181818181818182,-0.7283114753058799,0.0,0.0735846220406671,54,54.64,0.0,0.3660323412732292,[0.25945946 0.31351351 0.05945946 0.30810811 0.05945946],25,-0.4890388072161473,0.02,55.16,0.0,experiment_9
200,-0.6891891891891891,-0.6145840542256203,0.0,0.0582489992159439,36,55.36,0.0,0.1339796748579617,[0.04255319 0.85815603 0.0212766  0.04964539 0.02836879],25,-0.4908297199786515,0.07,53.8,0.0,experiment_9
300,-0.4795918367346938,-0.534793156232477,0.0,0.1306279674778642,48,55.266666666666666,0.0,0.0490408940712857,[0.83625731 0.01169591 0.14035088 0.00584795 0.00584795],25,-0.4631970593886226,0.1,57.44,0.0,experiment_9
400,-0.5317460317460317,-0.489835247976966,0.0,0.1544592345656676,62,55.48,0.0,0.0179505532750451,[0.95454545 0.00826446 0.01652893 0.00413223 0.01652893],25,-0.4417882762913715,0.17,56.52,0.0,experiment_9
500,-0.7397959183673469,-0.4616188479877463,0.0,0.1773275631099489,48,55.482,0.0,0.01,[0.33908046 0.         0.1091954  0.55172414 0.        ],25,-0.4220999302298629,0.31,54.72,0.0,experiment_9
600,-0.1590909090909091,-0.4300908282837906,0.5,0.2174715509106689,54,55.46,0.0,0.01,[0.02515723 0.         0.50314465 0.16352201 0.3081761 ],25,-0.4672887099000061,0.13,55.92,0.0,experiment_9
700,0.0,-0.3827673881947835,1.0,0.3112183073856329,41,55.17142857142857,0.0,0.01,[0.07462687 0.02238806 0.08208955 0.81343284 0.00746269],25,-0.3042562819426515,0.43,53.68,0.0,experiment_9
800,-0.3970588235294117,-0.3269854235688215,0.25,0.4060868796528287,50,54.945,0.0,0.01,[0.02380952 0.04761905 0.76785714 0.16071429 0.        ],25,-0.2661616705937628,0.49,48.68,0.0,experiment_9
900,0.0,-0.2913659770271807,1.0,0.4681210176077033,41,54.77777777777778,0.0,0.01,[0.09859155 0.1971831  0.33802817 0.36619718 0.        ],25,-0.2933728233531848,0.48,52.08,0.0,experiment_9
1000,0.0,-0.2632411233627466,1.0,0.5141964143081501,40,54.348,0.0,0.01,[0.11111111 0.05982906 0.81196581 0.01709402 0.        ],25,-0.2149653334743531,0.51,47.24,0.0,experiment_9
1100,-0.3146551724137931,-0.2354754854545943,0.25,0.5157819899079363,57,53.94272727272728,0.0,0.01,[0.01075269 0.83870968 0.02150538 0.00537634 0.12365591],25,-0.2772837869818116,0.42,52.96,0.0,experiment_9
1200,-0.3611111111111111,-0.2319524265630553,0.0,0.5152186272085062,35,53.81,0.0,0.01,[0.46323529 0.01470588 0.06617647 0.44117647 0.01470588],25,-0.191979301143623,0.57,52.64,0.0,experiment_9
1300,-0.5637254901960784,-0.2217509794448401,0.0,0.5282768042002027,50,53.62769230769231,0.0,0.01,[0.34031414 0.20418848 0.31413613 0.0104712  0.13089005],25,-0.2185249446559556,0.54,55.56,0.0,experiment_9
1400,-0.0283018867924528,-0.2312709985746587,1.0,0.510135198408603,42,53.44,0.0,0.01,[0.17293233 0.11278195 0.         0.70676692 0.0075188 ],25,-0.2318787390915368,0.49,52.64,0.0,experiment_9
1500,-0.4642857142857143,-0.2221479010976046,0.5,0.5573113196504292,55,53.141333333333336,0.0,0.01,[0.3368984  0.28877005 0.03208556 0.34224599 0.        ],25,-0.180047967627675,0.6,46.84,0.0,experiment_9
1600,0.0,-0.201513559439135,1.0,0.5765215639949367,46,53.01375,0.0,0.01,[0.03205128 0.05128205 0.10897436 0.78205128 0.02564103],25,-0.1750930942661332,0.61,51.52,0.0,experiment_9
1700,0.0,-0.1677869584542332,1.0,0.6381633424768642,35,52.85,0.0,0.01,[0.06015038 0.03007519 0.03007519 0.87218045 0.0075188 ],25,-0.1514673158683153,0.65,53.2,0.0,experiment_9
1800,-0.43359375,-0.1807756295003792,0.0,0.620846225982566,63,52.708333333333336,0.0,0.01,[0.         0.0203252  0.12195122 0.8495935  0.00813008],25,-0.1382222624741851,0.71,53.44,0.0,experiment_9
1900,-0.3152173913043478,-0.1497533024870572,0.25,0.6948239051068203,45,52.30736842105263,0.0,0.01,[0.30322581 0.38709677 0.         0.30967742 0.        ],25,-0.1204364377348484,0.72,46.64,0.0,experiment_9
2000,-0.5539772727272727,-0.1417700828142074,0.0,0.7217341783616702,87,52.0495,0.0,0.01,[0.         0.43421053 0.08552632 0.32565789 0.15460526],25,-0.1301354058633531,0.68,49.6,0.0,experiment_9
2100,-0.2580645161290322,-0.1540865463202516,0.5,0.6880841733257602,61,51.80619047619047,0.0,0.01,[0.00961538 0.8125     0.12019231 0.05288462 0.00480769],25,-0.0994931493548558,0.75,45.68,0.0,experiment_9
2200,-0.0330188679245283,-0.1426468218262024,0.75,0.7045884941736853,52,51.636818181818185,0.0,0.01,[0.02142857 0.02857143 0.22857143 0.57142857 0.15      ],25,-0.0689141189967099,0.84,41.8,0.0,experiment_9
2300,-0.1483050847457627,-0.1307023599878252,0.5,0.7342083215329677,58,51.47521739130435,0.0,0.01,[0.02185792 0.26229508 0.01639344 0.69945355 0.        ],25,-0.1047890560376763,0.8,46.44,0.0,experiment_9
2400,-0.21875,-0.1401028634768895,0.5,0.6962272966880241,47,51.38291666666667,0.0,0.01,[0.53 0.02 0.08 0.37 0.  ],25,-0.1085419209398731,0.79,43.56,0.0,experiment_9
2500,-0.1491935483870967,-0.1348177700283209,0.75,0.7143897837519557,61,51.188,0.0,0.01,[0.03225806 0.25806452 0.01290323 0.69677419 0.        ],25,-0.0999921072414021,0.8,44.2,0.0,experiment_9
2600,0.0,-0.1427304544848635,1.0,0.7053612312310411,31,51.128461538461536,0.0,0.01,[0.05607477 0.10280374 0.4953271  0.3364486  0.00934579],25,-0.1868914856364679,0.63,52.72,0.0,experiment_9
2700,0.0,-0.1287821744844375,1.0,0.7234201227802993,37,50.94592592592593,0.0,0.01,[0.07079646 0.05309735 0.33628319 0.53982301 0.        ],25,-0.11234432847138,0.73,47.32,0.0,experiment_9
2800,-0.1818181818181818,-0.1484571847054697,0.75,0.706488003986016,54,50.85607142857143,0.0,0.01,[0.02898551 0.16666667 0.15942029 0.64492754 0.        ],25,-0.0893830555317333,0.79,44.64,0.0,experiment_9
2900,0.0,-0.1386897824836529,1.0,0.6959131672297975,40,50.83931034482759,0.0,0.01,[0.03846154 0.06923077 0.30769231 0.57692308 0.00769231],25,-0.1130913361674782,0.8,45.68,0.0,experiment_9
3000,-0.0675675675675675,-0.1240315930532712,0.75,0.7512381318117554,73,50.75266666666667,0.0,0.01,[0.03401361 0.44217687 0.04081633 0.47619048 0.00680272],25,-0.082111486398495,0.81,46.12,0.0,experiment_9
3100,0.0,-0.1243275581241739,1.0,0.746491926126002,37,50.62,0.0,0.01,[0.02941176 0.06862745 0.56862745 0.33333333 0.        ],25,-0.0913457483053444,0.77,48.8,0.0,experiment_9
3200,-0.415,-0.1314526943627313,0.5,0.726540903132938,49,50.59,0.0,0.01,[0.01973684 0.78289474 0.01973684 0.17763158 0.        ],25,-0.0782326889373723,0.84,42.84,0.0,experiment_9
3300,-0.0408163265306122,-0.1126137371351003,0.75,0.7597316764533666,48,50.42242424242424,0.0,0.01,[0.10434783 0.26086957 0.13043478 0.49565217 0.00869565],25,-0.1525890911929429,0.71,50.28,0.0,experiment_9
3400,0.0,-0.1037181532176473,1.0,0.7717221611532661,43,50.32411764705882,0.0,0.01,[0.08955224 0.73880597 0.02238806 0.14925373 0.        ],25,-0.0610613313513922,0.85,42.36,0.0,experiment_9
3500,0.0,-0.1008765185278565,1.0,0.8000724318208965,50,50.169714285714285,0.0,0.01,[0.05952381 0.04166667 0.04761905 0.8452381  0.00595238],25,-0.0947639360767652,0.81,47.0,0.0,experiment_9
3600,-0.3044871794871794,-0.1001049916627379,0.25,0.7948704372818716,77,50.02916666666667,0.0,0.01,[0.35746606 0.59728507 0.01357466 0.03167421 0.        ],25,-0.1114324077006704,0.76,50.04,0.0,experiment_9
3700,0.0,-0.0974243456638125,1.0,0.7970772777783905,37,49.93756756756757,0.0,0.01,[0.07964602 0.46017699 0.36283186 0.09734513 0.        ],25,-0.1141790992820425,0.78,49.04,0.0,experiment_9
3800,-0.1954545454545454,-0.1107032002718972,0.25,0.7815004454857788,54,49.876315789473686,0.0,0.01,[0.01923077 0.16025641 0.00641026 0.6474359  0.16666667],25,-0.0867686838994122,0.83,41.96,0.0,experiment_9
3900,-0.0909090909090909,-0.0982911752438601,1.0,0.8020286513632285,50,49.79948717948718,0.0,0.01,[0.02758621 0.07586207 0.02758621 0.86896552 0.        ],25,-0.1064915166340833,0.8,46.56,0.0,experiment_9
4000,0.0,-0.096950858643932,1.0,0.8051824280230476,41,49.6945,0.0,0.01,[0.04 0.3  0.08 0.58 0.  ],25,-0.0565851513252829,0.87,43.48,0.0,experiment_9
